{
  "users": [
    {
      "id": 0,
      "age": 31,
      "name": "Peck Montoya",
      "email": "peckmontoya@qualitex.com",
      "friends": [
        {
          "id": 1
        },
        {
          "id": 2
        }
      ]
    },
    {
      "id": 1,
      "age": 36,
      "name": "Renee Herman",
      "email": "reneeherman@qualitex.com",
      "friends": [
        {
          "id": 0
        },
        {
          "id": 2
        }
      ]
    },
    {
      "id": 2,
      "age": 23,
      "name": "Sheena Madden",
      "email": "sheenamadden@qualitex.com",
      "friends": [
        {
          "id": 0
        },
        {
          "id": 1
        }
      ]
    },
    {
      "id": 3,
      "age": 22,
      "name": "Shari Justice",
      "email": "sharijustice@qualitex.com",
      "friends": [
        {
          "id": 4
        }
      ]
    },
    {
      "id": 4,
      "age": 38,
      "name": "Eaton Horton",
      "email": "eatonhorton@qualitex.com",
      "friends": [
        {
          "id": 3
        }
      ]
    },
    {
      "id": 5,
      "age": 18,
      "name": "Lois Best",
      "email": "loisbest@qualitex.com",
      "friends": [
        {
          "id": 6
        },
        {
          "id": 7
        },
        {
          "id": 8
        },
        {
          "id": 9
        }
      ]
    },
    {
      "id": 6,
      "age": 40,
      "name": "Schroeder Stafford",
      "email": "schroederstafford@qualitex.com",
      "friends": [
        {
          "id": 5
        }
      ]
    },
    {
      "id": 7,
      "age": 33,
      "name": "Hanson Collins",
      "email": "hansoncollins@qualitex.com",
      "friends": [
        {
          "id": 5
        }
      ]
    },
    {
      "id": 8,
      "age": 21,
      "name": "Walton York",
      "email": "waltonyork@qualitex.com",
      "friends": [
        {
          "id": 5
        }
      ]
    },
    {
      "id": 9,
      "age": 38,
      "name": "Walter Manning",
      "email": "waltermanning@qualitex.com",
      "friends": [
        {
          "id": 5
        },
        {
          "id": 10
        }
      ]
    },
    {
      "id": 10,
      "age": 26,
      "name": "Carmen Butler",
      "email": "carmenbutler@qualitex.com",
      "friends": [
        {
          "id": 9
        }
      ]
    },
    {
      "id": 13,
      "name": "Indigo Montoya",
      "age": 31,
      "email": "indigomontoya@gmail.com",
      "friends": [
        {
          "id": 1
        },
        {
          "id": 2
        }
      ]
    }
  ]
}